date,createdAt,timestamp,context,value
2023-11-23 15:35:46.176000-05:00,1700771746176,1700771746176,{},32.75
2023-11-23 15:35:42.670000-05:00,1700771742670,1700771742670,{},32.75
2023-11-23 15:35:39.171000-05:00,1700771739171,1700771739171,{},32.25
2023-11-23 15:35:35.660000-05:00,1700771735660,1700771735660,{},33.0
2023-11-23 15:35:32.166000-05:00,1700771732166,1700771732166,{},32.5
2023-11-23 15:35:28.654000-05:00,1700771728654,1700771728654,{},32.75
2023-11-23 15:35:25.151000-05:00,1700771725151,1700771725151,{},33.0
2023-11-23 15:35:21.653000-05:00,1700771721653,1700771721653,{},32.5
2023-11-23 15:35:18.169000-05:00,1700771718169,1700771718169,{},33.0
2023-11-23 15:35:14.636000-05:00,1700771714636,1700771714636,{},32.75
2023-11-23 15:35:11.131000-05:00,1700771711131,1700771711131,{},32.75
2023-11-23 15:35:07.627000-05:00,1700771707627,1700771707627,{},32.75
2023-11-23 15:35:04.124000-05:00,1700771704124,1700771704124,{},33.25
2023-11-23 15:35:00.620000-05:00,1700771700620,1700771700620,{},33.0
2023-11-23 15:34:57.122000-05:00,1700771697122,1700771697122,{},32.5
2023-11-23 15:34:53.615000-05:00,1700771693615,1700771693615,{},32.75
2023-11-23 15:34:50.123000-05:00,1700771690123,1700771690123,{},33.0
2023-11-23 15:34:46.630000-05:00,1700771686630,1700771686630,{},33.0
2023-11-23 15:34:43.100000-05:00,1700771683100,1700771683100,{},32.5
2023-11-23 15:34:39.597000-05:00,1700771679597,1700771679597,{},32.5
2023-11-23 15:34:36.110000-05:00,1700771676110,1700771676110,{},32.75
2023-11-23 15:34:32.602000-05:00,1700771672602,1700771672602,{},33.25
2023-11-23 15:34:29.088000-05:00,1700771669088,1700771669088,{},33.0
2023-11-23 15:34:25.582000-05:00,1700771665582,1700771665582,{},32.75
2023-11-23 15:34:22.101000-05:00,1700771662101,1700771662101,{},33.25
2023-11-23 15:34:18.574000-05:00,1700771658574,1700771658574,{},33.0
2023-11-23 15:34:15.071000-05:00,1700771655071,1700771655071,{},33.0
2023-11-23 15:34:11.595000-05:00,1700771651595,1700771651595,{},33.25
2023-11-23 15:34:08.061000-05:00,1700771648061,1700771648061,{},33.5
2023-11-23 15:34:04.566000-05:00,1700771644566,1700771644566,{},33.25
2023-11-23 15:34:01.088000-05:00,1700771641088,1700771641088,{},32.75
2023-11-23 15:33:57.572000-05:00,1700771637572,1700771637572,{},33.25
2023-11-23 15:33:54.049000-05:00,1700771634049,1700771634049,{},33.25
2023-11-23 15:33:50.589000-05:00,1700771630589,1700771630589,{},33.25
2023-11-23 15:33:47.117000-05:00,1700771627117,1700771627117,{},33.0
2023-11-23 15:33:43.596000-05:00,1700771623596,1700771623596,{},33.25
2023-11-23 15:33:40.040000-05:00,1700771620040,1700771620040,{},33.25
2023-11-23 15:33:36.530000-05:00,1700771616530,1700771616530,{},32.75
2023-11-23 15:33:33.034000-05:00,1700771613034,1700771613034,{},33.5
2023-11-23 15:33:29.535000-05:00,1700771609535,1700771609535,{},33.0
2023-11-23 15:33:26.078000-05:00,1700771606078,1700771606078,{},33.5
2023-11-23 15:33:22.515000-05:00,1700771602515,1700771602515,{},33.0
2023-11-23 15:33:19.022000-05:00,1700771599022,1700771599022,{},33.5
2023-11-23 15:33:15.525000-05:00,1700771595525,1700771595525,{},33.25
2023-11-23 15:33:12.013000-05:00,1700771592013,1700771592013,{},33.0
2023-11-23 15:33:08.565000-05:00,1700771588565,1700771588565,{},33.5
2023-11-23 15:33:04.995000-05:00,1700771584995,1700771584995,{},33.5
2023-11-23 15:33:01.495000-05:00,1700771581495,1700771581495,{},33.5
2023-11-23 15:32:58.004000-05:00,1700771578004,1700771578004,{},33.5
2023-11-23 15:32:54.479000-05:00,1700771574479,1700771574479,{},33.5
2023-11-23 15:32:50.985000-05:00,1700771570985,1700771570985,{},33.5
2023-11-23 15:32:47.471000-05:00,1700771567471,1700771567471,{},33.25
2023-11-23 15:32:43.969000-05:00,1700771563969,1700771563969,{},33.25
2023-11-23 15:32:40.467000-05:00,1700771560467,1700771560467,{},33.5
2023-11-23 15:32:37.005000-05:00,1700771557005,1700771557005,{},33.25
2023-11-23 15:32:33.454000-05:00,1700771553454,1700771553454,{},33.5
2023-11-23 15:32:29.956000-05:00,1700771549956,1700771549956,{},33.25
2023-11-23 15:32:26.452000-05:00,1700771546452,1700771546452,{},33.25
2023-11-23 15:32:22.944000-05:00,1700771542944,1700771542944,{},34.0
2023-11-23 15:32:19.444000-05:00,1700771539444,1700771539444,{},33.5
2023-11-23 15:32:15.936000-05:00,1700771535936,1700771535936,{},33.75
2023-11-23 15:32:12.430000-05:00,1700771532430,1700771532430,{},33.5
2023-11-23 15:32:08.927000-05:00,1700771528927,1700771528927,{},33.75
2023-11-23 15:32:05.432000-05:00,1700771525432,1700771525432,{},34.0
2023-11-23 15:32:01.921000-05:00,1700771521921,1700771521921,{},33.75
2023-11-23 15:31:58.414000-05:00,1700771518414,1700771518414,{},33.5
2023-11-23 15:31:54.911000-05:00,1700771514911,1700771514911,{},33.75
2023-11-23 15:31:51.410000-05:00,1700771511410,1700771511410,{},33.75
2023-11-23 15:31:47.906000-05:00,1700771507906,1700771507906,{},33.75
2023-11-23 15:31:44.402000-05:00,1700771504402,1700771504402,{},33.75
2023-11-23 15:31:40.898000-05:00,1700771500898,1700771500898,{},33.75
2023-11-23 15:31:37.394000-05:00,1700771497394,1700771497394,{},34.0
2023-11-23 15:31:33.890000-05:00,1700771493890,1700771493890,{},33.5
2023-11-23 15:31:30.384000-05:00,1700771490384,1700771490384,{},33.25
2023-11-23 15:31:26.880000-05:00,1700771486880,1700771486880,{},33.75
2023-11-23 15:31:23.376000-05:00,1700771483376,1700771483376,{},33.25
2023-11-23 15:31:19.874000-05:00,1700771479874,1700771479874,{},33.5
2023-11-23 15:31:16.370000-05:00,1700771476370,1700771476370,{},34.0
2023-11-23 15:31:12.866000-05:00,1700771472866,1700771472866,{},34.0
2023-11-23 15:31:09.359000-05:00,1700771469359,1700771469359,{},33.75
2023-11-23 15:31:05.869000-05:00,1700771465869,1700771465869,{},33.75
2023-11-23 15:31:02.354000-05:00,1700771462354,1700771462354,{},34.0
2023-11-23 15:30:58.848000-05:00,1700771458848,1700771458848,{},33.5
2023-11-23 15:30:55.344000-05:00,1700771455344,1700771455344,{},34.0
2023-11-23 15:30:51.851000-05:00,1700771451851,1700771451851,{},34.0
2023-11-23 15:30:48.340000-05:00,1700771448340,1700771448340,{},34.0
2023-11-23 15:30:44.840000-05:00,1700771444840,1700771444840,{},34.25
2023-11-23 15:30:41.331000-05:00,1700771441331,1700771441331,{},33.5
2023-11-23 15:30:37.854000-05:00,1700771437854,1700771437854,{},34.25
2023-11-23 15:30:34.319000-05:00,1700771434319,1700771434319,{},33.75
2023-11-23 15:30:33.289000-05:00,1700771433289,1700771433289,{},34.25
2023-11-23 15:30:32.958000-05:00,1700771432958,1700771432958,{},33.75
2023-11-23 15:30:23.812000-05:00,1700771423812,1700771423812,{},33.75
2023-11-23 15:30:20.309000-05:00,1700771420309,1700771420309,{},33.75
2023-11-23 15:30:16.831000-05:00,1700771416831,1700771416831,{},34.0
2023-11-23 15:30:13.359000-05:00,1700771413359,1700771413359,{},34.5
2023-11-23 15:30:09.829000-05:00,1700771409829,1700771409829,{},34.25
2023-11-23 15:30:06.295000-05:00,1700771406295,1700771406295,{},34.0
2023-11-23 15:30:02.787000-05:00,1700771402787,1700771402787,{},34.0
2023-11-23 15:29:59.287000-05:00,1700771399287,1700771399287,{},34.0
2023-11-23 15:29:55.778000-05:00,1700771395778,1700771395778,{},34.5
2023-11-23 15:29:52.274000-05:00,1700771392274,1700771392274,{},34.25
2023-11-23 15:29:48.774000-05:00,1700771388774,1700771388774,{},34.25
2023-11-23 15:29:45.272000-05:00,1700771385272,1700771385272,{},34.25
2023-11-23 15:29:41.764000-05:00,1700771381764,1700771381764,{},34.0
2023-11-23 15:29:38.308000-05:00,1700771378308,1700771378308,{},34.25
2023-11-23 15:29:34.773000-05:00,1700771374773,1700771374773,{},34.25
2023-11-23 15:29:31.274000-05:00,1700771371274,1700771371274,{},34.75
2023-11-23 15:29:27.753000-05:00,1700771367753,1700771367753,{},34.5
2023-11-23 15:29:24.047000-05:00,1700771364047,1700771364047,{},34.5
2023-11-23 15:29:23.888000-05:00,1700771363888,1700771363888,{},34.25
2023-11-23 15:29:13.754000-05:00,1700771353754,1700771353754,{},34.25
2023-11-23 15:28:45.420000-05:00,1700771325420,1700771325420,{},34.5
2023-11-23 15:28:41.912000-05:00,1700771321912,1700771321912,{},34.5
2023-11-23 15:28:38.411000-05:00,1700771318411,1700771318411,{},34.25
2023-11-23 15:28:34.924000-05:00,1700771314924,1700771314924,{},34.25
2023-11-23 15:28:31.410000-05:00,1700771311410,1700771311410,{},34.25
2023-11-23 15:28:27.908000-05:00,1700771307908,1700771307908,{},34.25
2023-11-23 15:28:24.391000-05:00,1700771304391,1700771304391,{},34.0
2023-11-23 15:28:20.897000-05:00,1700771300897,1700771300897,{},34.25
2023-11-23 15:28:17.387000-05:00,1700771297387,1700771297387,{},34.5
2023-11-23 15:28:15.763000-05:00,1700771295763,1700771295763,{},34.5
2023-11-23 15:28:14.947000-05:00,1700771294947,1700771294947,{},35.0
2023-11-23 15:27:49.064000-05:00,1700771269064,1700771269064,{},34.5
2023-11-23 15:27:44.951000-05:00,1700771264951,1700771264951,{},35.0
2023-11-23 15:27:40.390000-05:00,1700771260390,1700771260390,{},34.75
2023-11-23 15:27:31.831000-05:00,1700771251831,1700771251831,{},35.0
2023-11-23 15:27:28.327000-05:00,1700771248327,1700771248327,{},34.75
2023-11-23 15:27:24.826000-05:00,1700771244826,1700771244826,{},34.75
2023-11-23 15:27:21.321000-05:00,1700771241321,1700771241321,{},34.5
2023-11-23 15:27:17.828000-05:00,1700771237828,1700771237828,{},34.75
2023-11-23 15:27:14.457000-05:00,1700771234457,1700771234457,{},34.75
2023-11-23 15:27:10.805000-05:00,1700771230805,1700771230805,{},34.5
2023-11-23 15:27:07.304000-05:00,1700771227304,1700771227304,{},35.25
2023-11-23 15:27:03.813000-05:00,1700771223813,1700771223813,{},35.0
2023-11-23 15:27:01.089000-05:00,1700771221089,1700771221089,{},34.75
2023-11-23 15:26:59.949000-05:00,1700771219949,1700771219949,{},34.75
2023-11-23 15:26:53.288000-05:00,1700771213288,1700771213288,{},35.25
2023-11-23 15:26:49.784000-05:00,1700771209784,1700771209784,{},35.0
2023-11-23 15:26:46.281000-05:00,1700771206281,1700771206281,{},35.0
2023-11-23 15:26:42.776000-05:00,1700771202776,1700771202776,{},35.25
2023-11-23 15:26:39.283000-05:00,1700771199283,1700771199283,{},35.25
2023-11-23 15:26:35.788000-05:00,1700771195788,1700771195788,{},34.75
2023-11-23 15:26:32.265000-05:00,1700771192265,1700771192265,{},35.25
2023-11-23 15:26:28.764000-05:00,1700771188764,1700771188764,{},35.0
2023-11-23 15:26:25.258000-05:00,1700771185258,1700771185258,{},35.5
2023-11-23 15:26:21.752000-05:00,1700771181752,1700771181752,{},35.0
2023-11-23 15:26:18.249000-05:00,1700771178249,1700771178249,{},35.0
2023-11-23 15:26:14.748000-05:00,1700771174748,1700771174748,{},35.5
2023-11-23 15:26:11.243000-05:00,1700771171243,1700771171243,{},35.25
2023-11-23 15:26:07.738000-05:00,1700771167738,1700771167738,{},35.0
2023-11-23 15:26:04.231000-05:00,1700771164231,1700771164231,{},35.5
2023-11-23 15:26:00.730000-05:00,1700771160730,1700771160730,{},35.0
2023-11-23 15:25:57.224000-05:00,1700771157224,1700771157224,{},35.0
2023-11-23 15:25:53.736000-05:00,1700771153736,1700771153736,{},35.5
2023-11-23 15:25:50.215000-05:00,1700771150215,1700771150215,{},35.5
2023-11-23 15:25:46.716000-05:00,1700771146716,1700771146716,{},35.0
2023-11-23 15:25:43.211000-05:00,1700771143211,1700771143211,{},35.0
2023-11-23 15:25:39.709000-05:00,1700771139709,1700771139709,{},35.5
2023-11-23 15:25:36.199000-05:00,1700771136199,1700771136199,{},35.5
2023-11-23 15:25:32.698000-05:00,1700771132698,1700771132698,{},35.5
2023-11-23 15:25:29.194000-05:00,1700771129194,1700771129194,{},35.5
2023-11-23 15:25:25.690000-05:00,1700771125690,1700771125690,{},35.75
2023-11-23 15:25:22.194000-05:00,1700771122194,1700771122194,{},35.75
2023-11-23 15:25:18.687000-05:00,1700771118687,1700771118687,{},35.25
2023-11-23 15:25:15.177000-05:00,1700771115177,1700771115177,{},35.75
2023-11-23 15:25:11.674000-05:00,1700771111674,1700771111674,{},35.5
2023-11-23 15:25:08.170000-05:00,1700771108170,1700771108170,{},35.5
2023-11-23 15:25:04.691000-05:00,1700771104691,1700771104691,{},35.5
2023-11-23 15:25:01.169000-05:00,1700771101169,1700771101169,{},35.5
2023-11-23 15:24:57.659000-05:00,1700771097659,1700771097659,{},35.5
2023-11-23 15:24:54.163000-05:00,1700771094163,1700771094163,{},35.5
2023-11-23 15:24:50.652000-05:00,1700771090652,1700771090652,{},35.25
2023-11-23 15:24:47.147000-05:00,1700771087147,1700771087147,{},35.5
2023-11-23 15:24:43.652000-05:00,1700771083652,1700771083652,{},35.5
2023-11-23 15:24:40.155000-05:00,1700771080155,1700771080155,{},35.5
2023-11-23 15:24:36.636000-05:00,1700771076636,1700771076636,{},35.75
2023-11-23 15:24:33.132000-05:00,1700771073132,1700771073132,{},35.75
2023-11-23 15:24:29.628000-05:00,1700771069628,1700771069628,{},35.0
2023-11-23 15:24:26.128000-05:00,1700771066128,1700771066128,{},36.0
2023-11-23 15:24:22.362000-05:00,1700771062362,1700771062362,{},36.0
2023-11-23 15:23:56.823000-05:00,1700771036823,1700771036823,{},36.0
2023-11-23 15:23:53.326000-05:00,1700771033326,1700771033326,{},35.75
2023-11-23 15:23:49.356000-05:00,1700771029356,1700771029356,{},36.0
2023-11-23 15:23:44.205000-05:00,1700771024205,1700771024205,{},36.25
2023-11-23 15:23:35.798000-05:00,1700771015798,1700771015798,{},35.5
2023-11-23 15:23:32.302000-05:00,1700771012302,1700771012302,{},36.0
2023-11-23 15:23:28.793000-05:00,1700771008793,1700771008793,{},35.75
2023-11-23 15:23:25.291000-05:00,1700771005291,1700771005291,{},35.5
2023-11-23 15:23:21.785000-05:00,1700771001785,1700771001785,{},35.5
2023-11-23 15:23:18.285000-05:00,1700770998285,1700770998285,{},36.0
2023-11-23 15:23:14.784000-05:00,1700770994784,1700770994784,{},35.75
2023-11-23 15:23:11.278000-05:00,1700770991278,1700770991278,{},35.75
2023-11-23 15:23:07.773000-05:00,1700770987773,1700770987773,{},36.0
2023-11-23 15:23:04.266000-05:00,1700770984266,1700770984266,{},36.0
2023-11-23 15:23:00.790000-05:00,1700770980790,1700770980790,{},36.0
2023-11-23 15:22:57.258000-05:00,1700770977258,1700770977258,{},36.0
2023-11-23 15:22:53.752000-05:00,1700770973752,1700770973752,{},36.0
2023-11-23 15:22:50.256000-05:00,1700770970256,1700770970256,{},36.0
2023-11-23 15:22:46.745000-05:00,1700770966745,1700770966745,{},36.25
2023-11-23 15:22:43.269000-05:00,1700770963269,1700770963269,{},36.25
2023-11-23 15:22:39.779000-05:00,1700770959779,1700770959779,{},36.0
2023-11-23 15:22:36.233000-05:00,1700770956233,1700770956233,{},36.0
2023-11-23 15:22:32.733000-05:00,1700770952733,1700770952733,{},36.25
2023-11-23 15:22:29.225000-05:00,1700770949225,1700770949225,{},36.5
2023-11-23 15:22:25.809000-05:00,1700770945809,1700770945809,{},36.25
2023-11-23 15:22:24.002000-05:00,1700770944002,1700770944002,{},36.5
2023-11-23 15:22:23.862000-05:00,1700770943862,1700770943862,{},36.25
2023-11-23 15:22:08.207000-05:00,1700770928207,1700770928207,{},35.75
2023-11-23 15:22:04.731000-05:00,1700770924731,1700770924731,{},36.75
2023-11-23 15:22:01.468000-05:00,1700770921468,1700770921468,{},36.25
2023-11-23 15:21:54.210000-05:00,1700770914210,1700770914210,{},36.25
2023-11-23 15:21:50.688000-05:00,1700770910688,1700770910688,{},36.0
2023-11-23 15:21:47.180000-05:00,1700770907180,1700770907180,{},35.75
2023-11-23 15:21:43.673000-05:00,1700770903673,1700770903673,{},36.5
2023-11-23 15:21:40.171000-05:00,1700770900171,1700770900171,{},36.75
2023-11-23 15:21:36.668000-05:00,1700770896668,1700770896668,{},36.75
2023-11-23 15:21:33.168000-05:00,1700770893168,1700770893168,{},36.5
2023-11-23 15:21:30.042000-05:00,1700770890042,1700770890042,{},36.75
2023-11-23 15:21:29.871000-05:00,1700770889871,1700770889871,{},36.25
2023-11-23 15:21:22.653000-05:00,1700770882653,1700770882653,{},36.75
2023-11-23 15:21:19.149000-05:00,1700770879149,1700770879149,{},36.75
2023-11-23 15:21:15.644000-05:00,1700770875644,1700770875644,{},37.0
2023-11-23 15:21:12.145000-05:00,1700770872145,1700770872145,{},37.25
2023-11-23 15:21:08.633000-05:00,1700770868633,1700770868633,{},37.0
2023-11-23 15:21:05.130000-05:00,1700770865130,1700770865130,{},36.75
2023-11-23 15:21:01.628000-05:00,1700770861628,1700770861628,{},37.0
2023-11-23 15:20:58.125000-05:00,1700770858125,1700770858125,{},36.75
2023-11-23 15:20:54.621000-05:00,1700770854621,1700770854621,{},36.75
2023-11-23 15:20:53.858000-05:00,1700770853858,1700770853858,{},36.5
2023-11-23 15:20:40.515000-05:00,1700770840515,1700770840515,{},37.0
2023-11-23 15:20:37.012000-05:00,1700770837012,1700770837012,{},37.0
2023-11-23 15:20:33.502000-05:00,1700770833502,1700770833502,{},37.0
2023-11-23 15:20:30.009000-05:00,1700770830009,1700770830009,{},37.25
2023-11-23 15:20:26.501000-05:00,1700770826501,1700770826501,{},37.0
2023-11-23 15:20:23.010000-05:00,1700770823010,1700770823010,{},37.0
2023-11-23 15:20:19.490000-05:00,1700770819490,1700770819490,{},37.0
2023-11-23 15:20:16.022000-05:00,1700770816022,1700770816022,{},36.75
2023-11-23 15:20:12.485000-05:00,1700770812485,1700770812485,{},36.75
2023-11-23 15:20:08.981000-05:00,1700770808981,1700770808981,{},37.0
2023-11-23 15:20:05.501000-05:00,1700770805501,1700770805501,{},37.25
2023-11-23 15:20:01.968000-05:00,1700770801968,1700770801968,{},37.25
2023-11-23 15:19:58.465000-05:00,1700770798465,1700770798465,{},36.75
2023-11-23 15:19:54.975000-05:00,1700770794975,1700770794975,{},37.25
2023-11-23 15:19:51.455000-05:00,1700770791455,1700770791455,{},37.25
2023-11-23 15:19:47.949000-05:00,1700770787949,1700770787949,{},37.25
2023-11-23 15:19:44.487000-05:00,1700770784487,1700770784487,{},37.75
2023-11-23 15:19:40.965000-05:00,1700770780965,1700770780965,{},37.0
2023-11-23 15:19:37.441000-05:00,1700770777441,1700770777441,{},37.25
2023-11-23 15:19:33.938000-05:00,1700770773938,1700770773938,{},37.25
2023-11-23 15:19:30.433000-05:00,1700770770433,1700770770433,{},37.25
2023-11-23 15:19:26.963000-05:00,1700770766963,1700770766963,{},37.5
2023-11-23 15:19:23.424000-05:00,1700770763424,1700770763424,{},37.5
2023-11-23 15:19:19.939000-05:00,1700770759939,1700770759939,{},37.25
2023-11-23 15:19:16.417000-05:00,1700770756417,1700770756417,{},37.75
2023-11-23 15:19:12.913000-05:00,1700770752913,1700770752913,{},37.25
2023-11-23 15:19:09.412000-05:00,1700770749412,1700770749412,{},37.5
2023-11-23 15:19:05.903000-05:00,1700770745903,1700770745903,{},37.0
2023-11-23 15:19:02.412000-05:00,1700770742412,1700770742412,{},37.25
2023-11-23 15:18:58.894000-05:00,1700770738894,1700770738894,{},37.5
2023-11-23 15:18:55.396000-05:00,1700770735396,1700770735396,{},37.0
2023-11-23 15:18:51.890000-05:00,1700770731890,1700770731890,{},37.5
2023-11-23 15:18:48.382000-05:00,1700770728382,1700770728382,{},37.75
2023-11-23 15:18:44.893000-05:00,1700770724893,1700770724893,{},37.5
2023-11-23 15:18:43.470000-05:00,1700770723470,1700770723470,{},37.5
2023-11-23 15:18:27.457000-05:00,1700770707457,1700770707457,{},37.75
2023-11-23 15:18:25.418000-05:00,1700770705418,1700770705418,{},37.75
2023-11-23 15:18:16.852000-05:00,1700770696852,1700770696852,{},37.75
2023-11-23 15:18:13.369000-05:00,1700770693369,1700770693369,{},37.75
2023-11-23 15:18:10.366000-05:00,1700770690366,1700770690366,{},37.75
2023-11-23 15:18:06.219000-05:00,1700770686219,1700770686219,{},38.0
2023-11-23 15:18:05.966000-05:00,1700770685966,1700770685966,{},38.25
2023-11-23 15:17:45.315000-05:00,1700770665315,1700770665315,{},37.75
2023-11-23 15:17:41.823000-05:00,1700770661823,1700770661823,{},38.0
2023-11-23 15:17:39.698000-05:00,1700770659698,1700770659698,{},38.0
2023-11-23 15:17:38.981000-05:00,1700770658981,1700770658981,{},37.75
2023-11-23 15:17:34.518000-05:00,1700770654518,1700770654518,{},38.25
2023-11-23 15:17:27.790000-05:00,1700770647790,1700770647790,{},38.5
2023-11-23 15:17:24.297000-05:00,1700770644297,1700770644297,{},38.5
2023-11-23 15:17:20.785000-05:00,1700770640785,1700770640785,{},38.5
2023-11-23 15:17:17.280000-05:00,1700770637280,1700770637280,{},38.25
2023-11-23 15:17:13.777000-05:00,1700770633777,1700770633777,{},38.0
2023-11-23 15:17:10.271000-05:00,1700770630271,1700770630271,{},38.25
2023-11-23 15:17:06.769000-05:00,1700770626769,1700770626769,{},37.75
2023-11-23 15:17:03.265000-05:00,1700770623265,1700770623265,{},38.5
2023-11-23 15:16:59.763000-05:00,1700770619763,1700770619763,{},38.0
2023-11-23 15:16:56.258000-05:00,1700770616258,1700770616258,{},38.25
2023-11-23 15:16:52.755000-05:00,1700770612755,1700770612755,{},38.0
2023-11-23 15:16:49.250000-05:00,1700770609250,1700770609250,{},38.5
2023-11-23 15:16:45.746000-05:00,1700770605746,1700770605746,{},38.5
2023-11-23 15:16:42.242000-05:00,1700770602242,1700770602242,{},38.75
2023-11-23 15:16:38.738000-05:00,1700770598738,1700770598738,{},38.5
2023-11-23 15:16:35.234000-05:00,1700770595234,1700770595234,{},38.5
2023-11-23 15:16:31.730000-05:00,1700770591730,1700770591730,{},38.25
2023-11-23 15:16:28.224000-05:00,1700770588224,1700770588224,{},38.75
2023-11-23 15:16:24.721000-05:00,1700770584721,1700770584721,{},38.75
2023-11-23 15:16:21.238000-05:00,1700770581238,1700770581238,{},38.5
2023-11-23 15:16:17.714000-05:00,1700770577714,1700770577714,{},38.5
2023-11-23 15:16:14.216000-05:00,1700770574216,1700770574216,{},38.5
2023-11-23 15:16:10.705000-05:00,1700770570705,1700770570705,{},38.75
2023-11-23 15:16:07.203000-05:00,1700770567203,1700770567203,{},38.75
2023-11-23 15:16:03.698000-05:00,1700770563698,1700770563698,{},38.5
2023-11-23 15:16:00.197000-05:00,1700770560197,1700770560197,{},38.5
2023-11-23 15:15:56.699000-05:00,1700770556699,1700770556699,{},39.0
2023-11-23 15:15:53.243000-05:00,1700770553243,1700770553243,{},38.75
2023-11-23 15:15:49.681000-05:00,1700770549681,1700770549681,{},38.75
2023-11-23 15:15:46.177000-05:00,1700770546177,1700770546177,{},38.25
2023-11-23 15:15:42.672000-05:00,1700770542672,1700770542672,{},38.75
2023-11-23 15:15:39.165000-05:00,1700770539165,1700770539165,{},38.5
2023-11-23 15:15:35.673000-05:00,1700770535673,1700770535673,{},39.25
2023-11-23 15:15:32.163000-05:00,1700770532163,1700770532163,{},38.75
2023-11-23 15:15:28.655000-05:00,1700770528655,1700770528655,{},39.0
2023-11-23 15:15:25.157000-05:00,1700770525157,1700770525157,{},39.25
2023-11-23 15:15:21.648000-05:00,1700770521648,1700770521648,{},38.75
2023-11-23 15:15:18.152000-05:00,1700770518152,1700770518152,{},39.0
2023-11-23 15:15:14.639000-05:00,1700770514639,1700770514639,{},39.0
2023-11-23 15:15:13.458000-05:00,1700770513458,1700770513458,{},39.25
2023-11-23 15:15:04.128000-05:00,1700770504128,1700770504128,{},39.25
2023-11-23 15:14:56.886000-05:00,1700770496886,1700770496886,{},39.25
2023-11-23 15:14:29.269000-05:00,1700770469269,1700770469269,{},39.5
2023-11-23 15:14:28.506000-05:00,1700770468506,1700770468506,{},38.75
2023-11-23 15:14:22.350000-05:00,1700770462350,1700770462350,{},39.75
2023-11-23 15:14:16.681000-05:00,1700770456681,1700770456681,{},40.0
2023-11-23 15:14:04.098000-05:00,1700770444098,1700770444098,{},39.5
2023-11-23 15:14:00.570000-05:00,1700770440570,1700770440570,{},39.75
2023-11-23 15:13:57.085000-05:00,1700770437085,1700770437085,{},39.75
2023-11-23 15:13:56.886000-05:00,1700770436886,1700770436886,{},39.75
2023-11-23 15:13:50.086000-05:00,1700770430086,1700770430086,{},40.0
2023-11-23 15:13:46.540000-05:00,1700770426540,1700770426540,{},39.5
2023-11-23 15:13:43.446000-05:00,1700770423446,1700770423446,{},40.0
2023-11-23 15:13:36.031000-05:00,1700770416031,1700770416031,{},39.5
2023-11-23 15:13:32.527000-05:00,1700770412527,1700770412527,{},40.0
2023-11-23 15:13:29.032000-05:00,1700770409032,1700770409032,{},39.5
2023-11-23 15:13:25.513000-05:00,1700770405513,1700770405513,{},40.0
2023-11-23 15:11:04.267000-05:00,1700770264267,1700770264267,{},40.5
2023-11-23 15:11:00.762000-05:00,1700770260762,1700770260762,{},41.0
2023-11-23 15:10:57.258000-05:00,1700770257258,1700770257258,{},40.75
2023-11-23 15:10:53.753000-05:00,1700770253753,1700770253753,{},41.0
2023-11-23 15:10:50.251000-05:00,1700770250251,1700770250251,{},41.25
2023-11-23 15:10:46.748000-05:00,1700770246748,1700770246748,{},41.25
2023-11-23 15:10:43.242000-05:00,1700770243242,1700770243242,{},41.25
2023-11-23 15:10:39.739000-05:00,1700770239739,1700770239739,{},41.25
2023-11-23 15:10:36.247000-05:00,1700770236247,1700770236247,{},40.75
2023-11-23 15:10:32.732000-05:00,1700770232732,1700770232732,{},41.25
2023-11-23 15:10:29.228000-05:00,1700770229228,1700770229228,{},41.0
2023-11-23 15:10:25.722000-05:00,1700770225722,1700770225722,{},41.0
2023-11-23 15:10:22.221000-05:00,1700770222221,1700770222221,{},41.0
2023-11-23 15:10:18.757000-05:00,1700770218757,1700770218757,{},41.0
2023-11-23 15:10:15.212000-05:00,1700770215212,1700770215212,{},41.5
2023-11-23 15:10:11.715000-05:00,1700770211715,1700770211715,{},41.5
2023-11-23 15:10:08.219000-05:00,1700770208219,1700770208219,{},41.25
2023-11-23 15:10:04.727000-05:00,1700770204727,1700770204727,{},41.5
2023-11-23 15:10:01.209000-05:00,1700770201209,1700770201209,{},41.25
2023-11-23 15:09:57.692000-05:00,1700770197692,1700770197692,{},41.25
2023-11-23 15:09:54.188000-05:00,1700770194188,1700770194188,{},41.5
2023-11-23 15:09:50.684000-05:00,1700770190684,1700770190684,{},41.5
2023-11-23 15:09:47.184000-05:00,1700770187184,1700770187184,{},41.0
2023-11-23 15:09:43.679000-05:00,1700770183679,1700770183679,{},41.5
2023-11-23 15:09:40.172000-05:00,1700770180172,1700770180172,{},41.25
2023-11-23 15:09:36.673000-05:00,1700770176673,1700770176673,{},41.5
2023-11-23 15:09:33.168000-05:00,1700770173168,1700770173168,{},41.75
2023-11-23 15:09:29.659000-05:00,1700770169659,1700770169659,{},41.75
2023-11-23 15:09:26.158000-05:00,1700770166158,1700770166158,{},41.25
2023-11-23 15:09:22.656000-05:00,1700770162656,1700770162656,{},42.0
2023-11-23 15:09:19.151000-05:00,1700770159151,1700770159151,{},41.25
2023-11-23 15:09:15.648000-05:00,1700770155648,1700770155648,{},41.75
2023-11-23 15:09:12.143000-05:00,1700770152143,1700770152143,{},41.5
2023-11-23 15:09:08.640000-05:00,1700770148640,1700770148640,{},41.5
2023-11-23 15:09:05.135000-05:00,1700770145135,1700770145135,{},41.75
2023-11-23 15:09:01.635000-05:00,1700770141635,1700770141635,{},41.75
2023-11-23 15:08:58.128000-05:00,1700770138128,1700770138128,{},42.0
2023-11-23 15:08:54.624000-05:00,1700770134624,1700770134624,{},42.0
2023-11-23 15:08:51.119000-05:00,1700770131119,1700770131119,{},42.25
2023-11-23 15:08:47.614000-05:00,1700770127614,1700770127614,{},42.0
2023-11-23 15:08:44.115000-05:00,1700770124115,1700770124115,{},42.0
2023-11-23 15:08:40.607000-05:00,1700770120607,1700770120607,{},42.0
2023-11-23 15:08:37.108000-05:00,1700770117108,1700770117108,{},42.0
2023-11-23 15:08:33.598000-05:00,1700770113598,1700770113598,{},41.5
2023-11-23 15:08:30.098000-05:00,1700770110098,1700770110098,{},42.25
2023-11-23 15:08:26.592000-05:00,1700770106592,1700770106592,{},42.25
2023-11-23 15:08:23.087000-05:00,1700770103087,1700770103087,{},42.25
2023-11-23 15:08:19.582000-05:00,1700770099582,1700770099582,{},42.5
2023-11-23 15:08:16.080000-05:00,1700770096080,1700770096080,{},42.25
2023-11-23 15:08:12.580000-05:00,1700770092580,1700770092580,{},42.25
2023-11-23 15:08:09.070000-05:00,1700770089070,1700770089070,{},42.0
2023-11-23 15:08:05.564000-05:00,1700770085564,1700770085564,{},42.0
2023-11-23 15:08:02.063000-05:00,1700770082063,1700770082063,{},42.5
2023-11-23 15:07:58.557000-05:00,1700770078557,1700770078557,{},42.75
2023-11-23 15:07:55.051000-05:00,1700770075051,1700770075051,{},42.5
2023-11-23 15:07:51.551000-05:00,1700770071551,1700770071551,{},42.5
2023-11-23 15:07:48.043000-05:00,1700770068043,1700770068043,{},42.75
2023-11-23 15:07:44.548000-05:00,1700770064548,1700770064548,{},42.25
2023-11-23 15:07:41.038000-05:00,1700770061038,1700770061038,{},42.75
2023-11-23 15:07:37.535000-05:00,1700770057535,1700770057535,{},42.75
2023-11-23 15:07:34.033000-05:00,1700770054033,1700770054033,{},42.5
2023-11-23 15:07:30.541000-05:00,1700770050541,1700770050541,{},42.25
2023-11-23 15:07:27.022000-05:00,1700770047022,1700770047022,{},42.5
2023-11-23 15:07:23.518000-05:00,1700770043518,1700770043518,{},42.5
2023-11-23 15:07:20.016000-05:00,1700770040016,1700770040016,{},42.25
2023-11-23 15:07:16.512000-05:00,1700770036512,1700770036512,{},43.0
2023-11-23 15:07:13.008000-05:00,1700770033008,1700770033008,{},43.0
2023-11-23 15:07:09.501000-05:00,1700770029501,1700770029501,{},43.0
2023-11-23 15:07:05.997000-05:00,1700770025997,1700770025997,{},43.0
2023-11-23 15:07:02.495000-05:00,1700770022495,1700770022495,{},43.0
2023-11-23 15:06:58.992000-05:00,1700770018992,1700770018992,{},43.0
2023-11-23 15:06:55.485000-05:00,1700770015485,1700770015485,{},42.75
2023-11-23 15:06:51.982000-05:00,1700770011982,1700770011982,{},43.0
2023-11-23 15:06:48.479000-05:00,1700770008479,1700770008479,{},43.25
2023-11-23 15:06:44.974000-05:00,1700770004974,1700770004974,{},43.0
2023-11-23 15:06:41.469000-05:00,1700770001469,1700770001469,{},42.75
2023-11-23 15:06:37.967000-05:00,1700769997967,1700769997967,{},43.0
2023-11-23 15:06:34.463000-05:00,1700769994463,1700769994463,{},43.25
2023-11-23 15:06:30.958000-05:00,1700769990958,1700769990958,{},43.25
2023-11-23 15:06:27.458000-05:00,1700769987458,1700769987458,{},43.5
2023-11-23 15:06:23.953000-05:00,1700769983953,1700769983953,{},42.5
2023-11-23 15:06:20.446000-05:00,1700769980446,1700769980446,{},43.0
2023-11-23 15:06:16.944000-05:00,1700769976944,1700769976944,{},43.5
2023-11-23 15:06:13.442000-05:00,1700769973442,1700769973442,{},43.25
2023-11-23 15:06:09.945000-05:00,1700769969945,1700769969945,{},43.5
2023-11-23 15:06:06.430000-05:00,1700769966430,1700769966430,{},43.5
2023-11-23 15:06:02.935000-05:00,1700769962935,1700769962935,{},43.5
2023-11-23 15:05:59.424000-05:00,1700769959424,1700769959424,{},43.5
2023-11-23 15:05:55.922000-05:00,1700769955922,1700769955922,{},43.75
2023-11-23 15:05:52.416000-05:00,1700769952415,1700769952416,{},43.75
2023-11-23 15:05:48.913000-05:00,1700769948913,1700769948913,{},43.5
2023-11-23 15:05:45.410000-05:00,1700769945410,1700769945410,{},43.5
2023-11-23 15:05:41.909000-05:00,1700769941909,1700769941909,{},44.0
2023-11-23 15:05:38.399000-05:00,1700769938399,1700769938399,{},43.75
2023-11-23 15:05:34.895000-05:00,1700769934895,1700769934895,{},43.75
2023-11-23 15:05:31.391000-05:00,1700769931391,1700769931391,{},43.75
2023-11-23 15:05:27.887000-05:00,1700769927887,1700769927887,{},43.75
2023-11-23 15:05:24.386000-05:00,1700769924386,1700769924386,{},44.25
2023-11-23 15:05:20.881000-05:00,1700769920881,1700769920881,{},43.75
2023-11-23 15:05:17.375000-05:00,1700769917375,1700769917375,{},43.75
2023-11-23 15:05:13.872000-05:00,1700769913872,1700769913872,{},43.25
2023-11-23 15:05:10.367000-05:00,1700769910367,1700769910367,{},44.25
2023-11-23 15:05:06.867000-05:00,1700769906867,1700769906867,{},43.75
2023-11-23 15:05:03.362000-05:00,1700769903362,1700769903362,{},44.25
2023-11-23 15:04:59.855000-05:00,1700769899855,1700769899855,{},44.25
2023-11-23 15:04:56.357000-05:00,1700769896357,1700769896357,{},44.0
2023-11-23 15:04:52.853000-05:00,1700769892853,1700769892853,{},44.25
2023-11-23 15:04:49.350000-05:00,1700769889350,1700769889350,{},44.25
2023-11-23 15:04:45.844000-05:00,1700769885844,1700769885844,{},44.25
2023-11-23 15:04:42.343000-05:00,1700769882343,1700769882343,{},44.25
2023-11-23 15:04:38.834000-05:00,1700769878834,1700769878834,{},44.25
2023-11-23 15:04:35.334000-05:00,1700769875334,1700769875334,{},44.0
2023-11-23 15:04:31.826000-05:00,1700769871826,1700769871826,{},44.25
2023-11-23 15:04:28.324000-05:00,1700769868324,1700769868324,{},44.25
2023-11-23 15:04:24.825000-05:00,1700769864825,1700769864825,{},44.25
2023-11-23 15:04:21.316000-05:00,1700769861316,1700769861316,{},44.25
2023-11-23 15:04:17.813000-05:00,1700769857813,1700769857813,{},44.25
2023-11-23 15:04:14.311000-05:00,1700769854311,1700769854311,{},44.5
2023-11-23 15:04:10.801000-05:00,1700769850801,1700769850801,{},44.25
2023-11-23 15:04:07.304000-05:00,1700769847304,1700769847304,{},44.5
2023-11-23 15:04:03.823000-05:00,1700769843823,1700769843823,{},44.25
2023-11-23 15:04:00.294000-05:00,1700769840294,1700769840294,{},44.25
2023-11-23 15:03:56.788000-05:00,1700769836788,1700769836788,{},44.25
2023-11-23 15:03:53.285000-05:00,1700769833285,1700769833285,{},44.75
2023-11-23 15:03:49.778000-05:00,1700769829778,1700769829778,{},44.5
2023-11-23 15:03:46.280000-05:00,1700769826280,1700769826280,{},44.75
2023-11-23 15:03:42.771000-05:00,1700769822771,1700769822771,{},44.75
2023-11-23 15:03:39.271000-05:00,1700769819271,1700769819271,{},44.75
2023-11-23 15:03:29.033000-05:00,1700769809033,1700769809033,{},45.0
2023-11-23 15:03:25.531000-05:00,1700769805531,1700769805531,{},45.25
2023-11-23 15:03:22.023000-05:00,1700769802023,1700769802023,{},45.0
2023-11-23 15:03:18.522000-05:00,1700769798522,1700769798522,{},45.25
2023-11-23 15:03:15.016000-05:00,1700769795016,1700769795016,{},45.0
2023-11-23 15:03:11.513000-05:00,1700769791513,1700769791513,{},44.75
2023-11-23 15:03:08.012000-05:00,1700769788012,1700769788012,{},45.0
2023-11-23 15:03:04.503000-05:00,1700769784503,1700769784503,{},45.0
2023-11-23 15:03:00.998000-05:00,1700769780998,1700769780998,{},44.75
2023-11-23 15:02:57.499000-05:00,1700769777499,1700769777499,{},45.0
2023-11-23 15:02:53.992000-05:00,1700769773992,1700769773992,{},45.25
2023-11-23 15:02:50.486000-05:00,1700769770486,1700769770486,{},45.25
2023-11-23 15:02:46.983000-05:00,1700769766983,1700769766983,{},45.25
2023-11-23 15:02:43.476000-05:00,1700769763476,1700769763476,{},45.5
2023-11-23 15:02:39.972000-05:00,1700769759972,1700769759972,{},45.5
2023-11-23 15:02:36.468000-05:00,1700769756468,1700769756468,{},45.0
2023-11-23 15:02:32.860000-05:00,1700769752860,1700769752860,{},45.5
2023-11-23 15:02:29.377000-05:00,1700769749377,1700769749377,{},45.5
2023-11-23 15:02:25.961000-05:00,1700769745961,1700769745961,{},45.75
2023-11-23 15:02:22.456000-05:00,1700769742456,1700769742456,{},45.25
2023-11-23 15:02:18.949000-05:00,1700769738949,1700769738949,{},45.75
2023-11-23 15:02:15.448000-05:00,1700769735448,1700769735448,{},45.5
2023-11-23 15:02:11.942000-05:00,1700769731942,1700769731942,{},45.5
2023-11-23 15:02:08.446000-05:00,1700769728446,1700769728446,{},45.5
2023-11-23 15:02:04.943000-05:00,1700769724943,1700769724943,{},45.75
2023-11-23 15:02:01.459000-05:00,1700769721459,1700769721459,{},45.75
2023-11-23 15:01:57.925000-05:00,1700769717925,1700769717925,{},45.75
2023-11-23 15:01:54.429000-05:00,1700769714429,1700769714429,{},45.5
2023-11-23 15:01:50.919000-05:00,1700769710919,1700769710919,{},45.75
2023-11-23 15:01:47.413000-05:00,1700769707413,1700769707413,{},46.0
2023-11-23 15:01:43.908000-05:00,1700769703908,1700769703908,{},45.75
2023-11-23 15:01:40.148000-05:00,1700769700148,1700769700148,{},46.25
2023-11-23 15:01:39.825000-05:00,1700769699825,1700769699825,{},46.0
2023-11-23 15:01:29.902000-05:00,1700769689902,1700769689902,{},46.25
2023-11-23 15:01:26.391000-05:00,1700769686391,1700769686391,{},46.25
2023-11-23 15:01:22.886000-05:00,1700769682886,1700769682886,{},46.0
2023-11-23 15:01:19.386000-05:00,1700769679386,1700769679386,{},46.25
2023-11-23 15:01:15.878000-05:00,1700769675878,1700769675878,{},46.5
2023-11-23 15:01:12.374000-05:00,1700769672374,1700769672374,{},46.25
2023-11-23 15:01:08.870000-05:00,1700769668870,1700769668870,{},46.0
2023-11-23 15:01:05.366000-05:00,1700769665366,1700769665366,{},46.5
2023-11-23 15:01:01.864000-05:00,1700769661864,1700769661864,{},46.5
2023-11-23 15:00:58.354000-05:00,1700769658354,1700769658354,{},46.75
2023-11-23 15:00:54.859000-05:00,1700769654859,1700769654859,{},46.75
2023-11-23 15:00:51.356000-05:00,1700769651356,1700769651356,{},47.0
2023-11-23 15:00:47.855000-05:00,1700769647855,1700769647855,{},46.5
2023-11-23 15:00:44.341000-05:00,1700769644341,1700769644341,{},46.75
2023-11-23 15:00:40.840000-05:00,1700769640840,1700769640840,{},46.75
2023-11-23 15:00:37.334000-05:00,1700769637334,1700769637334,{},46.75
2023-11-23 15:00:33.828000-05:00,1700769633828,1700769633828,{},46.75
2023-11-23 15:00:30.363000-05:00,1700769630363,1700769630363,{},46.75
2023-11-23 15:00:26.837000-05:00,1700769626837,1700769626837,{},46.75
2023-11-23 15:00:23.343000-05:00,1700769623343,1700769623343,{},46.5
2023-11-23 15:00:19.834000-05:00,1700769619834,1700769619834,{},47.0
2023-11-23 15:00:16.310000-05:00,1700769616310,1700769616310,{},47.0
2023-11-23 15:00:12.834000-05:00,1700769612834,1700769612834,{},47.0
2023-11-23 15:00:09.306000-05:00,1700769609306,1700769609306,{},47.0
2023-11-23 15:00:05.797000-05:00,1700769605797,1700769605797,{},47.0
2023-11-23 15:00:02.295000-05:00,1700769602295,1700769602295,{},46.75
2023-11-23 14:59:58.788000-05:00,1700769598788,1700769598788,{},47.25
2023-11-23 14:59:55.287000-05:00,1700769595287,1700769595287,{},47.25
2023-11-23 14:59:51.785000-05:00,1700769591785,1700769591785,{},47.25
2023-11-23 14:59:48.278000-05:00,1700769588278,1700769588278,{},47.0
2023-11-23 14:59:44.772000-05:00,1700769584772,1700769584772,{},47.5
2023-11-23 14:59:41.273000-05:00,1700769581273,1700769581273,{},47.5
2023-11-23 14:59:37.779000-05:00,1700769577779,1700769577779,{},47.25
2023-11-23 14:59:34.284000-05:00,1700769574284,1700769574284,{},47.5
2023-11-23 14:59:30.761000-05:00,1700769570761,1700769570761,{},47.5
2023-11-23 14:59:27.260000-05:00,1700769567260,1700769567260,{},47.25
2023-11-23 14:59:23.751000-05:00,1700769563751,1700769563751,{},47.25
2023-11-23 14:59:20.255000-05:00,1700769560255,1700769560255,{},47.75
2023-11-23 14:59:16.746000-05:00,1700769556746,1700769556746,{},48.25
2023-11-23 14:59:13.241000-05:00,1700769553241,1700769553241,{},47.5
2023-11-23 14:59:09.734000-05:00,1700769549734,1700769549734,{},47.5
2023-11-23 14:59:06.232000-05:00,1700769546232,1700769546232,{},48.25
2023-11-23 14:59:02.728000-05:00,1700769542728,1700769542728,{},47.75
2023-11-23 14:58:59.228000-05:00,1700769539228,1700769539228,{},47.75
2023-11-23 14:58:55.723000-05:00,1700769535723,1700769535723,{},47.75
2023-11-23 14:58:52.218000-05:00,1700769532218,1700769532218,{},47.75
2023-11-23 14:58:48.713000-05:00,1700769528713,1700769528713,{},47.75
2023-11-23 14:58:45.209000-05:00,1700769525209,1700769525209,{},47.75
2023-11-23 14:58:41.709000-05:00,1700769521709,1700769521709,{},48.0
2023-11-23 14:58:38.204000-05:00,1700769518204,1700769518204,{},48.25
2023-11-23 14:58:34.591000-05:00,1700769514591,1700769514591,{},48.25
2023-11-23 14:58:31.192000-05:00,1700769511192,1700769511192,{},48.25
2023-11-23 14:58:27.693000-05:00,1700769507693,1700769507693,{},48.25
2023-11-23 14:58:24.198000-05:00,1700769504198,1700769504198,{},48.5
2023-11-23 14:58:20.682000-05:00,1700769500682,1700769500682,{},48.25
2023-11-23 14:58:17.179000-05:00,1700769497179,1700769497179,{},48.5
2023-11-23 14:58:13.677000-05:00,1700769493677,1700769493677,{},48.5
2023-11-23 14:58:10.173000-05:00,1700769490173,1700769490173,{},48.5
2023-11-23 14:58:06.665000-05:00,1700769486665,1700769486665,{},48.5
2023-11-23 14:58:03.163000-05:00,1700769483163,1700769483163,{},48.0
2023-11-23 14:57:59.657000-05:00,1700769479657,1700769479657,{},48.5
2023-11-23 14:57:56.155000-05:00,1700769476155,1700769476155,{},49.0
2023-11-23 14:57:52.651000-05:00,1700769472651,1700769472651,{},49.0
2023-11-23 14:57:49.147000-05:00,1700769469147,1700769469147,{},48.75
2023-11-23 14:57:45.647000-05:00,1700769465647,1700769465647,{},48.5
2023-11-23 14:57:42.142000-05:00,1700769462142,1700769462142,{},49.0
2023-11-23 14:57:38.633000-05:00,1700769458633,1700769458633,{},48.75
2023-11-23 14:57:35.137000-05:00,1700769455137,1700769455137,{},49.0
2023-11-23 14:57:31.629000-05:00,1700769451629,1700769451629,{},49.0
2023-11-23 14:57:28.030000-05:00,1700769448030,1700769448030,{},48.75
2023-11-23 14:57:24.637000-05:00,1700769444637,1700769444637,{},48.5
2023-11-23 14:57:21.119000-05:00,1700769441119,1700769441119,{},49.0
2023-11-23 14:57:17.617000-05:00,1700769437617,1700769437617,{},48.5
2023-11-23 14:57:14.107000-05:00,1700769434107,1700769434107,{},48.75
2023-11-23 14:57:10.603000-05:00,1700769430603,1700769430603,{},49.25
2023-11-23 14:57:07.104000-05:00,1700769427104,1700769427104,{},48.75
2023-11-23 14:57:03.596000-05:00,1700769423596,1700769423596,{},49.0
2023-11-23 14:57:00.093000-05:00,1700769420093,1700769420093,{},49.5
2023-11-23 14:56:56.590000-05:00,1700769416590,1700769416590,{},49.5
2023-11-23 14:56:53.084000-05:00,1700769413084,1700769413084,{},49.0
2023-11-23 14:56:49.580000-05:00,1700769409580,1700769409580,{},50.0
2023-11-23 14:56:46.076000-05:00,1700769406076,1700769406076,{},49.5
2023-11-23 14:56:42.570000-05:00,1700769402570,1700769402570,{},49.5
2023-11-23 14:56:39.067000-05:00,1700769399067,1700769399067,{},49.75
2023-11-23 14:56:35.568000-05:00,1700769395568,1700769395568,{},50.0
2023-11-23 14:56:32.062000-05:00,1700769392062,1700769392062,{},49.75
2023-11-23 14:56:28.559000-05:00,1700769388559,1700769388559,{},50.0
2023-11-23 14:56:25.055000-05:00,1700769385055,1700769385055,{},49.75
2023-11-23 14:56:21.551000-05:00,1700769381551,1700769381551,{},50.25
2023-11-23 14:56:18.047000-05:00,1700769378047,1700769378047,{},50.0
2023-11-23 14:56:14.544000-05:00,1700769374544,1700769374544,{},50.25
2023-11-23 14:56:11.037000-05:00,1700769371037,1700769371037,{},50.0
2023-11-23 14:56:07.538000-05:00,1700769367538,1700769367538,{},50.0
2023-11-23 14:56:04.031000-05:00,1700769364031,1700769364031,{},49.75
2023-11-23 14:56:00.528000-05:00,1700769360528,1700769360528,{},50.5
2023-11-23 14:55:57.026000-05:00,1700769357026,1700769357026,{},50.25
2023-11-23 14:55:53.517000-05:00,1700769353517,1700769353517,{},50.25
2023-11-23 14:55:50.019000-05:00,1700769350019,1700769350019,{},50.25
2023-11-23 14:55:46.527000-05:00,1700769346527,1700769346527,{},50.25
2023-11-23 14:55:43.008000-05:00,1700769343008,1700769343008,{},50.0
2023-11-23 14:55:39.503000-05:00,1700769339503,1700769339503,{},50.25
2023-11-23 14:55:36.011000-05:00,1700769336011,1700769336011,{},50.5
2023-11-23 14:55:32.497000-05:00,1700769332497,1700769332497,{},50.5
2023-11-23 14:55:28.990000-05:00,1700769328990,1700769328990,{},50.5
2023-11-23 14:55:25.486000-05:00,1700769325486,1700769325486,{},50.5
2023-11-23 14:55:21.990000-05:00,1700769321990,1700769321990,{},50.75
2023-11-23 14:55:18.478000-05:00,1700769318478,1700769318478,{},50.25
2023-11-23 14:55:14.977000-05:00,1700769314977,1700769314977,{},50.75
2023-11-23 14:55:11.471000-05:00,1700769311471,1700769311471,{},50.75
2023-11-23 14:55:07.984000-05:00,1700769307984,1700769307984,{},50.5
2023-11-23 14:55:04.458000-05:00,1700769304458,1700769304458,{},50.75
2023-11-23 14:55:00.954000-05:00,1700769300954,1700769300954,{},50.5
2023-11-23 14:54:57.454000-05:00,1700769297454,1700769297454,{},51.25
2023-11-23 14:54:53.946000-05:00,1700769293946,1700769293946,{},51.0
2023-11-23 14:54:50.442000-05:00,1700769290442,1700769290442,{},51.5
2023-11-23 14:54:46.938000-05:00,1700769286938,1700769286938,{},51.25
2023-11-23 14:54:43.437000-05:00,1700769283437,1700769283437,{},51.0
2023-11-23 14:54:39.938000-05:00,1700769279938,1700769279938,{},50.75
2023-11-23 14:54:36.428000-05:00,1700769276428,1700769276428,{},51.25
2023-11-23 14:54:32.924000-05:00,1700769272924,1700769272924,{},51.5
2023-11-23 14:54:29.420000-05:00,1700769269420,1700769269420,{},51.75
2023-11-23 14:54:25.916000-05:00,1700769265916,1700769265916,{},51.5
2023-11-23 14:54:22.421000-05:00,1700769262421,1700769262421,{},51.5
2023-11-23 14:54:18.911000-05:00,1700769258911,1700769258911,{},51.75
2023-11-23 14:54:15.405000-05:00,1700769255405,1700769255405,{},51.75
2023-11-23 14:54:11.910000-05:00,1700769251910,1700769251910,{},51.75
2023-11-23 14:54:08.397000-05:00,1700769248397,1700769248397,{},51.75
2023-11-23 14:54:04.897000-05:00,1700769244897,1700769244897,{},51.75
2023-11-23 14:54:01.390000-05:00,1700769241390,1700769241390,{},51.75
2023-11-23 14:53:57.889000-05:00,1700769237889,1700769237889,{},51.75
2023-11-23 14:53:54.380000-05:00,1700769234380,1700769234380,{},51.75
2023-11-23 14:53:50.876000-05:00,1700769230876,1700769230876,{},52.0
2023-11-23 14:53:47.384000-05:00,1700769227384,1700769227384,{},52.0
2023-11-23 14:53:43.869000-05:00,1700769223869,1700769223869,{},52.0
2023-11-23 14:53:40.368000-05:00,1700769220368,1700769220368,{},52.0
2023-11-23 14:53:36.864000-05:00,1700769216864,1700769216864,{},52.0
2023-11-23 14:53:33.268000-05:00,1700769213268,1700769213268,{},52.25
2023-11-23 14:53:29.754000-05:00,1700769209754,1700769209754,{},51.75
2023-11-23 14:53:26.382000-05:00,1700769206382,1700769206382,{},52.5
2023-11-23 14:53:22.850000-05:00,1700769202850,1700769202850,{},52.5
2023-11-23 14:53:19.344000-05:00,1700769199344,1700769199344,{},52.5
2023-11-23 14:53:15.838000-05:00,1700769195838,1700769195838,{},52.75
2023-11-23 14:53:12.340000-05:00,1700769192340,1700769192340,{},52.5
2023-11-23 14:53:08.832000-05:00,1700769188832,1700769188832,{},52.25
2023-11-23 14:53:05.330000-05:00,1700769185330,1700769185330,{},53.0
2023-11-23 14:53:01.824000-05:00,1700769181824,1700769181824,{},53.25
2023-11-23 14:52:58.321000-05:00,1700769178321,1700769178321,{},52.5
2023-11-23 14:52:54.816000-05:00,1700769174816,1700769174816,{},53.0
2023-11-23 14:52:51.316000-05:00,1700769171316,1700769171316,{},52.75
2023-11-23 14:52:47.827000-05:00,1700769167827,1700769167827,{},52.75
2023-11-23 14:52:44.302000-05:00,1700769164302,1700769164302,{},53.5
2023-11-23 14:52:40.800000-05:00,1700769160800,1700769160800,{},52.75
2023-11-23 14:52:37.295000-05:00,1700769157295,1700769157295,{},52.75
2023-11-23 14:52:33.790000-05:00,1700769153790,1700769153790,{},53.5
2023-11-23 14:52:30.287000-05:00,1700769150287,1700769150287,{},53.5
2023-11-23 14:52:26.677000-05:00,1700769146677,1700769146677,{},53.75
2023-11-23 14:52:23.280000-05:00,1700769143280,1700769143280,{},53.25
2023-11-23 14:52:19.776000-05:00,1700769139776,1700769139776,{},53.75
2023-11-23 14:52:16.273000-05:00,1700769136273,1700769136273,{},53.0
2023-11-23 14:52:12.769000-05:00,1700769132769,1700769132769,{},53.5
2023-11-23 14:52:09.271000-05:00,1700769129271,1700769129271,{},53.75
2023-11-23 14:52:05.767000-05:00,1700769125767,1700769125767,{},53.75
2023-11-23 14:52:02.265000-05:00,1700769122265,1700769122265,{},54.0
2023-11-23 14:51:58.754000-05:00,1700769118754,1700769118754,{},54.25
2023-11-23 14:51:55.252000-05:00,1700769115252,1700769115252,{},53.75
2023-11-23 14:51:51.744000-05:00,1700769111744,1700769111744,{},54.0
2023-11-23 14:51:48.260000-05:00,1700769108260,1700769108260,{},54.25
2023-11-23 14:51:44.736000-05:00,1700769104736,1700769104736,{},54.0
2023-11-23 14:51:41.235000-05:00,1700769101235,1700769101235,{},54.0
2023-11-23 14:51:37.728000-05:00,1700769097728,1700769097728,{},54.0
2023-11-23 14:51:34.227000-05:00,1700769094227,1700769094227,{},54.0
2023-11-23 14:51:30.726000-05:00,1700769090726,1700769090726,{},54.25
2023-11-23 14:51:27.220000-05:00,1700769087220,1700769087220,{},54.0
2023-11-23 14:51:23.715000-05:00,1700769083715,1700769083715,{},54.5
2023-11-23 14:51:20.214000-05:00,1700769080214,1700769080214,{},54.5
2023-11-23 14:51:16.707000-05:00,1700769076707,1700769076707,{},54.75
2023-11-23 14:51:13.201000-05:00,1700769073201,1700769073201,{},54.5
2023-11-23 14:51:09.699000-05:00,1700769069699,1700769069699,{},54.75
2023-11-23 14:51:06.194000-05:00,1700769066194,1700769066194,{},55.0
2023-11-23 14:51:02.690000-05:00,1700769062690,1700769062690,{},54.5
2023-11-23 14:50:59.188000-05:00,1700769059188,1700769059188,{},54.5
2023-11-23 14:50:55.706000-05:00,1700769055706,1700769055706,{},55.0
2023-11-23 14:50:52.179000-05:00,1700769052179,1700769052179,{},55.0
2023-11-23 14:50:48.678000-05:00,1700769048678,1700769048678,{},55.5
2023-11-23 14:50:45.172000-05:00,1700769045172,1700769045172,{},55.0
2023-11-23 14:50:41.667000-05:00,1700769041667,1700769041667,{},55.0
2023-11-23 14:50:38.164000-05:00,1700769038164,1700769038164,{},55.25
2023-11-23 14:50:34.659000-05:00,1700769034659,1700769034659,{},55.5
2023-11-23 14:50:31.151000-05:00,1700769031151,1700769031151,{},55.5
2023-11-23 14:50:27.649000-05:00,1700769027649,1700769027649,{},55.25
2023-11-23 14:50:24.148000-05:00,1700769024148,1700769024148,{},55.75
2023-11-23 14:50:20.677000-05:00,1700769020677,1700769020677,{},55.5
2023-11-23 14:50:17.138000-05:00,1700769017138,1700769017138,{},56.0
2023-11-23 14:50:13.634000-05:00,1700769013634,1700769013634,{},55.75
2023-11-23 14:50:10.137000-05:00,1700769010137,1700769010137,{},56.0
2023-11-23 14:50:06.624000-05:00,1700769006624,1700769006624,{},55.75
2023-11-23 14:50:03.120000-05:00,1700769003120,1700769003120,{},55.5
2023-11-23 14:49:59.624000-05:00,1700768999624,1700768999624,{},56.25
2023-11-23 14:49:56.112000-05:00,1700768996112,1700768996112,{},55.5
2023-11-23 14:49:52.614000-05:00,1700768992614,1700768992614,{},56.0
2023-11-23 14:49:49.118000-05:00,1700768989118,1700768989118,{},55.75
2023-11-23 14:49:45.602000-05:00,1700768985602,1700768985602,{},55.75
2023-11-23 14:49:42.109000-05:00,1700768982109,1700768982109,{},56.25
2023-11-23 14:49:38.597000-05:00,1700768978597,1700768978597,{},56.5
2023-11-23 14:49:35.093000-05:00,1700768975093,1700768975093,{},56.5
2023-11-23 14:49:31.596000-05:00,1700768971596,1700768971596,{},56.5
2023-11-23 14:49:28.086000-05:00,1700768968086,1700768968086,{},56.25
2023-11-23 14:49:24.591000-05:00,1700768964591,1700768964591,{},56.25
2023-11-23 14:49:21.074000-05:00,1700768961074,1700768961074,{},56.75
2023-11-23 14:49:17.571000-05:00,1700768957571,1700768957571,{},56.5
2023-11-23 14:49:14.066000-05:00,1700768954066,1700768954066,{},57.0
2023-11-23 14:49:10.584000-05:00,1700768950584,1700768950584,{},56.5
2023-11-23 14:49:07.058000-05:00,1700768947058,1700768947058,{},57.0
2023-11-23 14:49:03.556000-05:00,1700768943556,1700768943556,{},57.0
2023-11-23 14:49:00.054000-05:00,1700768940054,1700768940054,{},57.0
2023-11-23 14:48:56.549000-05:00,1700768936549,1700768936549,{},57.25
2023-11-23 14:48:53.043000-05:00,1700768933043,1700768933043,{},57.25
2023-11-23 14:48:49.551000-05:00,1700768929551,1700768929551,{},57.0
2023-11-23 14:48:46.041000-05:00,1700768926041,1700768926041,{},57.25
2023-11-23 14:48:42.535000-05:00,1700768922535,1700768922535,{},57.0
2023-11-23 14:48:39.032000-05:00,1700768919032,1700768919032,{},57.75
2023-11-23 14:48:35.523000-05:00,1700768915523,1700768915523,{},57.75
2023-11-23 14:48:32.022000-05:00,1700768912022,1700768912022,{},57.5
2023-11-23 14:48:28.419000-05:00,1700768908419,1700768908419,{},57.5
2023-11-23 14:48:25.015000-05:00,1700768905015,1700768905015,{},57.75
2023-11-23 14:48:21.508000-05:00,1700768901508,1700768901508,{},57.25
2023-11-23 14:48:18.006000-05:00,1700768898006,1700768898006,{},58.0
2023-11-23 14:48:14.499000-05:00,1700768894499,1700768894499,{},58.0
2023-11-23 14:48:11.006000-05:00,1700768891006,1700768891006,{},58.0
2023-11-23 14:48:07.496000-05:00,1700768887496,1700768887496,{},58.0
2023-11-23 14:48:03.993000-05:00,1700768883993,1700768883993,{},58.25
2023-11-23 14:48:00.485000-05:00,1700768880485,1700768880485,{},58.5
2023-11-23 14:47:56.983000-05:00,1700768876983,1700768876983,{},58.0
2023-11-23 14:47:53.480000-05:00,1700768873480,1700768873480,{},58.75
2023-11-23 14:47:49.977000-05:00,1700768869977,1700768869977,{},58.25
2023-11-23 14:47:46.472000-05:00,1700768866472,1700768866472,{},58.5
2023-11-23 14:47:42.964000-05:00,1700768862964,1700768862964,{},59.0
2023-11-23 14:47:39.460000-05:00,1700768859460,1700768859460,{},58.5
2023-11-23 14:47:35.986000-05:00,1700768855986,1700768855986,{},59.0
2023-11-23 14:47:32.502000-05:00,1700768852502,1700768852502,{},59.0
2023-11-23 14:47:28.956000-05:00,1700768848956,1700768848956,{},59.0
2023-11-23 14:47:25.343000-05:00,1700768845343,1700768845343,{},59.25
2023-11-23 14:47:21.949000-05:00,1700768841949,1700768841949,{},59.5
2023-11-23 14:47:18.435000-05:00,1700768838435,1700768838435,{},59.25
2023-11-23 14:47:14.930000-05:00,1700768834930,1700768834930,{},59.5
2023-11-23 14:47:11.437000-05:00,1700768831437,1700768831437,{},59.0
2023-11-23 14:47:07.938000-05:00,1700768827938,1700768827938,{},59.25
2023-11-23 14:47:04.420000-05:00,1700768824420,1700768824420,{},59.0
2023-11-23 14:47:00.914000-05:00,1700768820914,1700768820914,{},59.75
2023-11-23 14:46:57.414000-05:00,1700768817414,1700768817414,{},60.0
2023-11-23 14:46:53.912000-05:00,1700768813912,1700768813912,{},59.75
2023-11-23 14:46:50.402000-05:00,1700768810402,1700768810402,{},59.75
2023-11-23 14:46:46.901000-05:00,1700768806901,1700768806901,{},60.25
2023-11-23 14:46:43.397000-05:00,1700768803397,1700768803397,{},60.0
2023-11-23 14:46:39.893000-05:00,1700768799893,1700768799893,{},60.25
2023-11-23 14:46:36.391000-05:00,1700768796391,1700768796391,{},60.5
2023-11-23 14:46:32.884000-05:00,1700768792884,1700768792884,{},60.0
2023-11-23 14:46:29.470000-05:00,1700768789470,1700768789470,{},60.5
2023-11-23 14:46:25.876000-05:00,1700768785876,1700768785876,{},60.5
2023-11-23 14:46:22.381000-05:00,1700768782381,1700768782381,{},60.25
2023-11-23 14:46:18.871000-05:00,1700768778871,1700768778871,{},60.75
2023-11-23 14:46:15.364000-05:00,1700768775364,1700768775364,{},60.25
2023-11-23 14:46:11.856000-05:00,1700768771856,1700768771856,{},60.5
2023-11-23 14:46:08.355000-05:00,1700768768355,1700768768355,{},60.75
2023-11-23 14:46:04.852000-05:00,1700768764852,1700768764852,{},60.75
2023-11-23 14:46:01.346000-05:00,1700768761346,1700768761346,{},61.25
2023-11-23 14:45:57.852000-05:00,1700768757852,1700768757852,{},61.25
2023-11-23 14:45:54.339000-05:00,1700768754339,1700768754339,{},61.0
2023-11-23 14:45:50.839000-05:00,1700768750839,1700768750839,{},61.5
2023-11-23 14:45:47.330000-05:00,1700768747330,1700768747330,{},61.5
2023-11-23 14:45:43.824000-05:00,1700768743824,1700768743824,{},61.5
2023-11-23 14:45:40.343000-05:00,1700768740343,1700768740343,{},61.75
2023-11-23 14:45:36.820000-05:00,1700768736820,1700768736820,{},61.5
2023-11-23 14:45:33.313000-05:00,1700768733313,1700768733313,{},61.5
2023-11-23 14:45:29.816000-05:00,1700768729816,1700768729816,{},61.5
2023-11-23 14:45:26.305000-05:00,1700768726305,1700768726305,{},62.0
2023-11-23 14:45:22.802000-05:00,1700768722802,1700768722802,{},61.75
2023-11-23 14:45:19.298000-05:00,1700768719298,1700768719298,{},62.25
2023-11-23 14:45:15.796000-05:00,1700768715796,1700768715796,{},62.0
2023-11-23 14:45:12.292000-05:00,1700768712292,1700768712292,{},62.25
2023-11-23 14:45:08.785000-05:00,1700768708785,1700768708785,{},62.5
2023-11-23 14:45:05.284000-05:00,1700768705284,1700768705284,{},61.75
2023-11-23 14:45:01.776000-05:00,1700768701776,1700768701776,{},62.75
2023-11-23 14:44:58.273000-05:00,1700768698273,1700768698273,{},62.5
2023-11-23 14:44:54.769000-05:00,1700768694769,1700768694769,{},62.75
2023-11-23 14:44:51.264000-05:00,1700768691264,1700768691264,{},62.75
2023-11-23 14:44:47.773000-05:00,1700768687773,1700768687773,{},62.75
2023-11-23 14:44:44.256000-05:00,1700768684256,1700768684256,{},63.0
2023-11-23 14:44:40.756000-05:00,1700768680756,1700768680756,{},62.75
2023-11-23 14:44:37.255000-05:00,1700768677255,1700768677255,{},62.75
2023-11-23 14:44:33.745000-05:00,1700768673745,1700768673745,{},62.75
2023-11-23 14:44:30.245000-05:00,1700768670245,1700768670245,{},63.5
2023-11-23 14:44:26.746000-05:00,1700768666746,1700768666746,{},63.5
2023-11-23 14:44:23.239000-05:00,1700768663239,1700768663239,{},63.0
2023-11-23 14:44:19.730000-05:00,1700768659730,1700768659730,{},63.0
2023-11-23 14:44:16.227000-05:00,1700768656227,1700768656227,{},63.75
2023-11-23 14:44:12.726000-05:00,1700768652726,1700768652726,{},63.25
2023-11-23 14:44:09.218000-05:00,1700768649218,1700768649218,{},63.5
2023-11-23 14:44:05.727000-05:00,1700768645727,1700768645727,{},63.75
2023-11-23 14:44:02.211000-05:00,1700768642211,1700768642211,{},64.0
2023-11-23 14:43:58.712000-05:00,1700768638712,1700768638712,{},63.75
2023-11-23 14:43:55.203000-05:00,1700768635203,1700768635203,{},64.0
2023-11-23 14:43:51.724000-05:00,1700768631724,1700768631724,{},64.5
2023-11-23 14:43:48.196000-05:00,1700768628196,1700768628196,{},64.5
2023-11-23 14:43:44.720000-05:00,1700768624720,1700768624720,{},64.25
2023-11-23 14:43:41.207000-05:00,1700768621207,1700768621207,{},64.5
2023-11-23 14:43:39.537000-05:00,1700768619537,1700768619537,{},65.0
2023-11-23 14:43:34.184000-05:00,1700768614184,1700768614184,{},64.5
2023-11-23 14:43:30.673000-05:00,1700768610673,1700768610673,{},65.25
2023-11-23 14:43:27.170000-05:00,1700768607170,1700768607170,{},64.75
2023-11-23 14:43:23.665000-05:00,1700768603665,1700768603665,{},64.75
2023-11-23 14:43:20.159000-05:00,1700768600159,1700768600159,{},65.25
2023-11-23 14:43:16.658000-05:00,1700768596658,1700768596658,{},65.0
2023-11-23 14:43:13.156000-05:00,1700768593156,1700768593156,{},65.25
2023-11-23 14:43:09.656000-05:00,1700768589656,1700768589656,{},65.5
2023-11-23 14:43:06.144000-05:00,1700768586144,1700768586144,{},65.5
2023-11-23 14:43:02.645000-05:00,1700768582645,1700768582645,{},65.0
2023-11-23 14:42:59.136000-05:00,1700768579136,1700768579136,{},65.5
2023-11-23 14:42:55.633000-05:00,1700768575633,1700768575633,{},66.0
2023-11-23 14:42:52.129000-05:00,1700768572129,1700768572129,{},66.0
2023-11-23 14:42:49.540000-05:00,1700768569540,1700768569540,{},66.0
2023-11-23 14:42:48.861000-05:00,1700768568861,1700768568861,{},66.25
2023-11-23 14:42:41.620000-05:00,1700768561620,1700768561620,{},66.5
2023-11-23 14:42:38.117000-05:00,1700768558117,1700768558117,{},66.0
2023-11-23 14:42:34.609000-05:00,1700768554609,1700768554609,{},66.75
2023-11-23 14:42:31.108000-05:00,1700768551108,1700768551108,{},66.5
2023-11-23 14:42:27.604000-05:00,1700768547604,1700768547604,{},66.5
2023-11-23 14:42:23.993000-05:00,1700768543993,1700768543993,{},66.75
2023-11-23 14:42:20.627000-05:00,1700768540627,1700768540627,{},66.75
2023-11-23 14:42:17.095000-05:00,1700768537095,1700768537095,{},67.0
2023-11-23 14:42:13.588000-05:00,1700768533588,1700768533588,{},67.0
2023-11-23 14:42:10.082000-05:00,1700768530082,1700768530082,{},67.25
2023-11-23 14:42:06.599000-05:00,1700768526599,1700768526599,{},67.25
2023-11-23 14:42:03.077000-05:00,1700768523077,1700768523077,{},67.5
2023-11-23 14:41:59.569000-05:00,1700768519569,1700768519569,{},67.5
2023-11-23 14:41:58.240000-05:00,1700768518240,1700768518240,{},67.75
2023-11-23 14:41:57.861000-05:00,1700768517861,1700768517861,{},67.75
2023-11-23 14:41:49.061000-05:00,1700768509061,1700768509061,{},68.25
2023-11-23 14:41:45.552000-05:00,1700768505552,1700768505552,{},67.75
2023-11-23 14:41:42.050000-05:00,1700768502050,1700768502050,{},68.25
2023-11-23 14:41:38.545000-05:00,1700768498545,1700768498545,{},67.75
2023-11-23 14:41:35.040000-05:00,1700768495040,1700768495040,{},68.25
2023-11-23 14:41:31.542000-05:00,1700768491542,1700768491542,{},68.5
2023-11-23 14:41:27.938000-05:00,1700768487938,1700768487938,{},68.5
2023-11-23 14:41:24.532000-05:00,1700768484532,1700768484532,{},68.75
2023-11-23 14:41:21.027000-05:00,1700768481027,1700768481027,{},69.0
2023-11-23 14:41:17.524000-05:00,1700768477524,1700768477524,{},69.25
2023-11-23 14:41:14.016000-05:00,1700768474016,1700768474016,{},69.25
2023-11-23 14:41:10.521000-05:00,1700768470521,1700768470521,{},69.0
2023-11-23 14:41:07.010000-05:00,1700768467010,1700768467010,{},69.25
2023-11-23 14:41:03.504000-05:00,1700768463504,1700768463504,{},69.5
2023-11-23 14:41:00.004000-05:00,1700768460004,1700768460004,{},70.25
2023-11-23 14:40:56.500000-05:00,1700768456500,1700768456500,{},70.0
2023-11-23 14:40:52.994000-05:00,1700768452994,1700768452994,{},69.75
2023-11-23 14:40:49.490000-05:00,1700768449490,1700768449490,{},70.5
2023-11-23 14:40:45.986000-05:00,1700768445986,1700768445986,{},70.25
2023-11-23 14:40:42.482000-05:00,1700768442482,1700768442482,{},70.25
2023-11-23 14:40:38.978000-05:00,1700768438978,1700768438978,{},70.75
2023-11-23 14:40:35.476000-05:00,1700768435476,1700768435476,{},70.5
2023-11-23 14:40:31.972000-05:00,1700768431972,1700768431972,{},70.75
2023-11-23 14:40:28.467000-05:00,1700768428467,1700768428467,{},71.0
2023-11-23 14:40:24.963000-05:00,1700768424963,1700768424963,{},71.25
2023-11-23 14:40:21.459000-05:00,1700768421459,1700768421459,{},71.25
2023-11-23 14:40:17.954000-05:00,1700768417954,1700768417954,{},71.25
2023-11-23 14:40:14.451000-05:00,1700768414451,1700768414451,{},71.5
2023-11-23 14:40:10.964000-05:00,1700768410964,1700768410964,{},71.5
2023-11-23 14:40:07.444000-05:00,1700768407444,1700768407444,{},71.75
2023-11-23 14:40:03.938000-05:00,1700768403938,1700768403938,{},71.5
2023-11-23 14:40:00.436000-05:00,1700768400436,1700768400436,{},71.75
2023-11-23 14:39:56.942000-05:00,1700768396942,1700768396942,{},72.0
2023-11-23 14:39:53.426000-05:00,1700768393426,1700768393426,{},71.75
2023-11-23 14:39:49.920000-05:00,1700768389920,1700768389920,{},72.5
2023-11-23 14:39:46.416000-05:00,1700768386416,1700768386416,{},72.5
2023-11-23 14:39:42.926000-05:00,1700768382926,1700768382926,{},72.75
2023-11-23 14:39:35.441000-05:00,1700768375441,1700768375441,{},73.0
2023-11-23 14:39:31.934000-05:00,1700768371934,1700768371934,{},73.25
2023-11-23 14:39:28.431000-05:00,1700768368431,1700768368431,{},73.25
2023-11-23 14:39:24.925000-05:00,1700768364925,1700768364925,{},73.5
2023-11-23 14:39:21.423000-05:00,1700768361423,1700768361423,{},73.5
2023-11-23 14:39:17.920000-05:00,1700768357920,1700768357920,{},73.75
2023-11-23 14:39:14.414000-05:00,1700768354414,1700768354414,{},73.5
2023-11-23 14:39:10.911000-05:00,1700768350911,1700768350911,{},74.25
2023-11-23 14:39:07.408000-05:00,1700768347408,1700768347408,{},74.0
2023-11-23 14:39:03.903000-05:00,1700768343903,1700768343903,{},74.25
2023-11-23 14:39:00.399000-05:00,1700768340399,1700768340399,{},74.5
2023-11-23 14:38:56.895000-05:00,1700768336895,1700768336895,{},75.0
2023-11-23 14:38:53.386000-05:00,1700768333386,1700768333386,{},74.75
2023-11-23 14:38:49.885000-05:00,1700768329885,1700768329885,{},74.5
2023-11-23 14:38:46.384000-05:00,1700768326384,1700768326384,{},75.5
2023-11-23 14:38:42.876000-05:00,1700768322876,1700768322876,{},75.0
2023-11-23 14:38:39.369000-05:00,1700768319369,1700768319369,{},75.5
2023-11-23 14:38:35.866000-05:00,1700768315866,1700768315866,{},75.0
2023-11-23 14:38:32.363000-05:00,1700768312363,1700768312363,{},74.75
2023-11-23 14:38:28.865000-05:00,1700768308865,1700768308865,{},76.0
2023-11-23 14:38:25.357000-05:00,1700768305357,1700768305357,{},76.0
2023-11-23 14:38:21.874000-05:00,1700768301874,1700768301874,{},76.25
2023-11-23 14:38:18.344000-05:00,1700768298344,1700768298344,{},76.25
2023-11-23 14:38:14.845000-05:00,1700768294845,1700768294845,{},76.5
2023-11-23 14:38:11.338000-05:00,1700768291338,1700768291338,{},76.0
2023-11-23 14:38:07.838000-05:00,1700768287838,1700768287838,{},76.25
2023-11-23 14:38:04.330000-05:00,1700768284330,1700768284330,{},76.5
2023-11-23 14:38:00.835000-05:00,1700768280835,1700768280835,{},77.25
2023-11-23 14:37:57.324000-05:00,1700768277324,1700768277324,{},77.25
2023-11-23 14:37:49.864000-05:00,1700768269864,1700768269864,{},77.25
2023-11-23 14:37:46.359000-05:00,1700768266359,1700768266359,{},77.25
2023-11-23 14:37:42.855000-05:00,1700768262855,1700768262855,{},78.0
2023-11-23 14:37:39.354000-05:00,1700768259354,1700768259354,{},78.0
2023-11-23 14:37:35.849000-05:00,1700768255849,1700768255849,{},78.5
2023-11-23 14:37:32.380000-05:00,1700768252380,1700768252380,{},78.5
2023-11-23 14:37:28.839000-05:00,1700768248839,1700768248839,{},79.0
2023-11-23 14:37:25.337000-05:00,1700768245337,1700768245337,{},78.75
2023-11-23 14:37:21.735000-05:00,1700768241735,1700768241735,{},78.75
2023-11-23 14:37:18.331000-05:00,1700768238331,1700768238331,{},79.25
2023-11-23 14:37:14.822000-05:00,1700768234822,1700768234822,{},79.0
2023-11-23 14:37:11.319000-05:00,1700768231319,1700768231319,{},79.5
2023-11-23 14:37:07.820000-05:00,1700768227820,1700768227820,{},79.75
2023-11-23 14:37:04.353000-05:00,1700768224353,1700768224353,{},80.25
2023-11-23 14:37:00.811000-05:00,1700768220811,1700768220811,{},80.0
2023-11-23 14:36:57.306000-05:00,1700768217306,1700768217306,{},80.0
2023-11-23 14:36:53.802000-05:00,1700768213802,1700768213802,{},80.25
2023-11-23 14:36:50.294000-05:00,1700768210294,1700768210294,{},80.75
2023-11-23 14:36:46.793000-05:00,1700768206793,1700768206793,{},80.75
2023-11-23 14:36:43.295000-05:00,1700768203295,1700768203295,{},81.0
2023-11-23 14:36:39.785000-05:00,1700768199785,1700768199785,{},81.25
2023-11-23 14:36:36.279000-05:00,1700768196279,1700768196279,{},81.75
2023-11-23 14:36:32.775000-05:00,1700768192775,1700768192775,{},81.75
2023-11-23 14:36:29.276000-05:00,1700768189276,1700768189276,{},81.75
2023-11-23 14:36:25.678000-05:00,1700768185678,1700768185678,{},82.5
2023-11-23 14:36:22.264000-05:00,1700768182264,1700768182264,{},82.5
2023-11-23 14:36:18.763000-05:00,1700768178763,1700768178763,{},82.5
2023-11-23 14:36:15.256000-05:00,1700768175256,1700768175256,{},82.75
2023-11-23 14:36:11.754000-05:00,1700768171754,1700768171754,{},82.75
2023-11-23 14:36:08.249000-05:00,1700768168249,1700768168249,{},83.0
2023-11-23 14:36:04.746000-05:00,1700768164746,1700768164746,{},83.75
2023-11-23 14:36:01.244000-05:00,1700768161244,1700768161244,{},83.75
2023-11-23 14:35:57.738000-05:00,1700768157738,1700768157738,{},84.0
2023-11-23 14:35:54.234000-05:00,1700768154234,1700768154234,{},83.75
2023-11-23 14:35:50.739000-05:00,1700768150739,1700768150739,{},84.25
2023-11-23 14:35:47.229000-05:00,1700768147229,1700768147229,{},84.5
2023-11-23 14:35:43.739000-05:00,1700768143739,1700768143739,{},85.0
2023-11-23 14:35:40.231000-05:00,1700768140231,1700768140231,{},84.75
2023-11-23 14:35:36.724000-05:00,1700768136724,1700768136724,{},85.0
2023-11-23 14:35:33.215000-05:00,1700768133215,1700768133215,{},85.5
2023-11-23 14:35:29.706000-05:00,1700768129706,1700768129706,{},85.5
2023-11-23 14:35:26.204000-05:00,1700768126204,1700768126204,{},85.5
2023-11-23 14:35:22.696000-05:00,1700768122696,1700768122696,{},85.75
2023-11-23 14:35:19.195000-05:00,1700768119195,1700768119195,{},86.0
2023-11-23 14:35:15.694000-05:00,1700768115694,1700768115694,{},86.5
2023-11-23 14:35:12.198000-05:00,1700768112198,1700768112198,{},87.0
2023-11-23 14:35:08.694000-05:00,1700768108694,1700768108694,{},87.25
2023-11-23 14:35:05.179000-05:00,1700768105179,1700768105179,{},87.75
2023-11-23 14:35:01.688000-05:00,1700768101688,1700768101688,{},88.0
2023-11-23 14:34:58.178000-05:00,1700768098178,1700768098178,{},88.25
2023-11-23 14:34:54.667000-05:00,1700768094667,1700768094667,{},88.5
2023-11-23 14:34:51.167000-05:00,1700768091167,1700768091167,{},89.25
2023-11-23 14:34:47.660000-05:00,1700768087660,1700768087660,{},89.25
2023-11-23 14:34:44.155000-05:00,1700768084155,1700768084155,{},89.5
2023-11-23 14:34:40.652000-05:00,1700768080652,1700768080652,{},90.0
